{
  "project_info": {
    "project_number": "112036419222",
    "project_id": "milestone-2-c0575",
    "storage_bucket": "milestone-2-c0575.appspot.com"
  },
  "client": [
    {
      "client_info": {
        "mobilesdk_app_id": "1:112036419222:android:0f2a3eeb9f5aec78d594b7",
        "android_client_info": {
          "package_name": "com.example.ms2"
        }
      },
      "oauth_client": [
        {
          "client_id": "112036419222-0dafc8kqp45dhesr1uve98qh31ieukb9.apps.googleusercontent.com",
          "client_type": 3
        }
      ],
      "api_key": [
        {
          "current_key": "AIzaSyAyB9JaEvAwWEzRCHI7XildX5zWmxh3cbg"
        }
      ],
      "services": {
        "appinvite_service": {
          "other_platform_oauth_client": [
            {
              "client_id": "112036419222-0dafc8kqp45dhesr1uve98qh31ieukb9.apps.googleusercontent.com",
              "client_type": 3
            }
          ]
        }
      }
    }
  ],
  "configuration_version": "1"
}